Test Year,Portfolio,Annual Return,Annual Volatility,Sharpe Ratio
2023,Equal-Weight,0.36462540966417184,0.151328915081057,2.1451644551227456
2023,SPY,0.24298263647419935,0.13075540480230022,1.5523842917323791
2023,Optimised (no cap),-0.03665030453106522,0.13465222599457208,-0.5692464715299623
2023,Optimised (40% cap),0.21187244564823837,0.12448938827860084,1.380619248153077
2023,Optimised (30% cap),0.2667069859768957,0.13049873850390106,1.7372350765683349
2024,Equal-Weight,0.2658613705382624,0.13488264541241654,1.6745028231591228
2024,SPY,0.2302157832132845,0.12568985214726508,1.5133742300087785
2024,Optimised (no cap),0.2762614412448037,0.1674659325281646,1.4108030073822266
2024,Optimised (40% cap),0.2729706859565163,0.15208145673519155,1.531880946946552
2024,Optimised (30% cap),0.2580614323110463,0.13750193787431572,1.5858789751048188
2025,Equal-Weight,0.18719466924285558,0.18948309191708998,0.7768221837295219
2025,SPY,0.18318983061333388,0.1948674520447312,0.7348062958223783
2025,Optimised (no cap),0.21124044845152934,0.25089290799066555,0.6825240690258981
2025,Optimised (40% cap),0.2111674632469246,0.2509182701357915,0.6821642089047262
2025,Optimised (30% cap),0.1971517744142677,0.24298580847761408,0.6467528922733191
2023,LW shrinkage (no cap),-0.03334552617523457,0.13374117388826354,-0.5484139554249196
2023,LW shrinkage (30% cap),0.2667069859768635,0.13049873850389584,1.7372350765681577
2024,LW shrinkage (no cap),0.27549588604232894,0.16728076112989018,1.4077882265221824
2024,LW shrinkage (30% cap),0.2580614323110464,0.13750193787431572,1.5858789751048195
2025,LW shrinkage (no cap),0.21036282960498334,0.2512010703390674,0.67819308801125
2025,LW shrinkage (30% cap),0.19723714042458226,0.24401275900990682,0.6443808146040367
2023,Min-Variance (no cap),0.06330591561365331,0.1183547522449459,0.19691575683771112
2023,Min-Variance (30% cap),0.26587254378957487,0.12992026739517124,1.7385474054063554
2024,Min-Variance (no cap),0.1468832724354777,0.1088243246592654,0.9821634342334284
2024,Min-Variance (30% cap),0.23153720151498797,0.11572529493067893,1.655102297468513
2025,Min-Variance (no cap),0.18895372466430857,0.13993061859898304,1.0644827140454813
2025,Min-Variance (30% cap),0.212746448632133,0.16684499667237235,1.035370865638537
